Player,Team,Age,G,GS,CG,SHO,IP,H,ER,K,BB,HR,W,L,SV,BS,HLD,ERA,WHIP
Justin Verlander,DET,38,33,33,6,1,238.1,192,70,239,60,19,17,8,0,0,0,2.64,1.06
R.A. Dickey,NYM,46,34,33,5,3,233.2,192,71,230,54,24,20,6,0,0,0,2.73,1.05
Felix Hernandez,SEA,34,33,33,5,5,232.0,209,79,223,56,14,13,9,0,0,0,3.06,1.14
James Shields,TB,39,33,33,3,2,227.2,208,89,223,58,25,15,10,0,0,0,3.52,1.17
Clayton Kershaw,LAD,32,33,33,2,2,227.2,170,64,229,63,16,14,9,0,0,0,2.53,1.02
Hiroki Kuroda,NYY,46,33,33,3,2,219.2,205,81,167,51,25,16,11,0,0,0,3.32,1.17
Matt Cain,SF,36,32,32,2,2,219.1,177,68,193,51,21,16,5,0,0,0,2.79,1.04
Jake Peavy,CWS,39,32,32,4,1,219.0,191,82,194,49,27,11,12,0,0,0,3.37,1.10
Clayton Richard,SD,37,33,33,1,1,218.2,228,97,107,42,31,14,14,0,0,0,3.99,1.23
Jason Vargas,SEA,38,33,33,2,0,217.1,201,93,141,55,35,14,11,0,0,0,3.85,1.18
Johnny Cueto,CIN,35,33,33,2,0,217.0,205,67,170,49,15,19,9,0,0,0,2.78,1.17
Cole Hamels,PHI,37,31,31,2,2,215.1,190,73,216,52,24,17,6,0,0,0,3.05,1.12
Matt Harrison,TEX,35,32,32,4,2,213.1,210,78,133,59,22,18,11,0,0,0,3.29,1.26
David Price,TB,35,31,31,2,1,211.0,173,60,205,59,16,20,5,0,0,0,2.56,1.10
Cliff Lee,PHI,42,30,30,0,0,211.0,207,74,207,28,26,6,9,0,0,0,3.16,1.11
Kyle Lohse,STL,42,33,33,0,0,211.0,192,67,143,38,19,16,3,0,0,0,2.86,1.09
Mat Latos,CIN,33,33,33,2,0,209.1,179,81,185,64,25,14,4,0,0,0,3.48,1.16
Madison Bumgarner,SF,31,32,32,2,1,208.1,183,78,191,49,23,16,11,0,0,0,3.37,1.11
Ian Kennedy,ARI,36,33,33,1,0,208.1,216,93,187,55,28,15,12,0,0,0,4.02,1.30
Homer Bailey,CIN,34,33,33,2,1,208.0,206,85,168,52,26,13,10,0,0,0,3.68,1.24
Justin Masterson,CLE,35,34,34,1,0,206.1,212,113,159,88,18,11,15,0,0,0,4.93,1.45
Jon Lester,BOS,37,33,33,3,0,205.1,216,110,166,68,25,9,14,0,0,0,4.82,1.38
Yovani Gallardo,MIL,35,33,33,0,0,204.0,185,83,204,81,26,16,9,0,0,0,3.66,1.30
C.J. Wilson,LAA,40,34,34,0,0,202.1,181,86,173,91,19,13,10,0,0,0,3.83,1.34
Mark Buehrle,MIA,41,31,31,1,0,202.1,197,84,125,40,26,13,13,0,0,0,3.74,1.17
A.J. Burnett,PIT,44,31,31,1,1,202.1,189,79,180,62,18,16,10,0,0,0,3.51,1.24
Bronson Arroyo,CIN,44,32,32,1,1,202.0,209,84,129,35,26,12,10,0,0,0,3.74,1.21
Trevor Cahill,ARI,33,32,32,2,1,200.0,184,84,156,74,16,13,12,0,0,0,3.78,1.29
CC Sabathia,NYY,40,28,28,2,0,200.0,184,75,197,44,22,15,6,0,0,0,3.38,1.14
Gio Gonzalez,WAS,35,32,32,2,1,199.1,149,64,207,76,9,21,8,0,0,0,2.89,1.13
Adam Wainwright,STL,39,32,32,3,2,198.2,196,87,184,52,15,14,13,0,0,0,3.94,1.25
Chris Capuano,LAD,42,33,33,0,0,198.1,188,82,162,54,25,12,12,0,0,0,3.72,1.22
Jordan Zimmermann,WAS,34,32,32,0,0,195.2,186,64,153,43,18,12,8,0,0,0,2.94,1.17
Wade Miley,ARI,34,32,29,0,0,194.2,193,72,144,37,14,16,11,0,0,0,3.33,1.18
Lucas Harrell,HOU,35,32,32,1,1,193.2,185,81,140,78,13,11,11,0,0,0,3.76,1.36
Wei-Yin Chen,BAL,35,32,32,0,0,192.2,186,86,154,57,29,12,11,0,0,0,4.02,1.26
Chris Sale,CWS,31,30,29,1,0,192.0,167,65,192,51,19,17,8,0,1,0,3.05,1.14
Bruce Chen,KC,43,34,34,0,0,191.2,215,108,140,47,33,11,14,0,0,0,5.07,1.37
Yu Darvish,TEX,34,29,29,0,0,191.1,156,83,221,89,14,16,9,0,0,0,3.90,1.28
Josh Johnson,MIA,37,31,31,0,0,191.1,180,81,165,65,14,8,14,0,0,0,3.81,1.28
Phil Hughes,NYY,34,32,32,1,0,191.1,196,89,165,46,35,16,13,0,0,0,4.19,1.26
Ricky Nolasco,MIA,38,31,31,3,2,191.0,214,95,125,47,18,12,13,0,0,0,4.48,1.37
Jon Niese,NYM,34,30,30,0,0,190.1,174,72,155,49,22,13,9,0,0,0,3.40,1.17
Tommy Milone,OAK,34,31,31,1,0,190.0,207,79,137,36,24,13,10,0,0,0,3.74,1.28
Edwin Jackson,WAS,37,31,31,1,0,189.2,173,85,168,58,23,10,11,0,0,0,4.03,1.22
Ryan Vogelsong,SF,43,31,31,0,0,189.2,171,71,158,62,17,14,9,0,0,0,3.37,1.23
Clay Buchholz,BOS,36,29,29,2,1,189.1,187,96,129,64,25,11,8,0,0,0,4.56,1.33
Jered Weaver,LAA,38,30,30,3,2,188.2,147,59,142,45,20,20,5,0,0,0,2.81,1.02
Max Scherzer,DET,36,32,32,0,0,187.2,179,78,231,60,23,16,7,0,0,0,3.74,1.27
Henderson Alvarez,TOR,30,31,31,1,1,187.1,216,101,79,54,29,9,14,0,0,0,4.85,1.44
Tim Lincecum,SF,36,33,33,0,0,186.0,183,107,190,90,23,10,15,0,0,0,5.18,1.47
Luke Hochevar,KC,37,32,32,2,1,185.1,202,118,144,61,27,8,16,0,0,0,5.73,1.42
Barry Zito,SF,42,32,32,1,1,184.1,186,85,114,70,20,15,8,0,0,0,4.15,1.39
Edinson Volquez,SD,37,32,32,1,1,182.2,160,84,174,105,14,11,11,0,0,0,4.14,1.45
Jarrod Parker,OAK,32,29,29,0,0,181.1,166,70,140,63,11,13,8,0,0,0,3.47,1.26
Ricky Romero,TOR,36,32,32,1,0,181.0,198,116,124,105,21,9,14,0,0,0,5.77,1.67
Aaron Harang,LAD,42,31,31,0,0,179.2,167,72,131,85,14,10,10,0,0,0,3.61,1.40
Mike Minor,ATL,33,30,30,0,0,179.1,151,82,145,56,26,11,10,0,0,0,4.12,1.15
Mike Leake,CIN,33,30,30,2,0,179.0,201,91,116,41,26,8,9,0,0,0,4.58,1.35
Tim Hudson,ATL,45,28,28,1,1,179.0,168,72,102,48,12,16,7,0,0,0,3.62,1.21
Ervin Santana,LAA,38,30,30,1,1,178.0,165,102,133,61,39,9,13,0,0,0,5.16,1.27
Matt Moore,TB,31,31,31,0,0,177.1,158,75,175,81,18,11,11,0,0,0,3.81,1.35
Jeremy Hellickson,TB,33,31,31,0,0,177.0,163,61,124,59,25,10,11,0,0,0,3.10,1.25
Dan Haren,LAA,40,30,30,1,1,176.2,190,85,142,38,28,12,13,0,0,0,4.33,1.29
Ubaldo Jimenez,CLE,37,31,31,0,0,176.2,190,106,143,95,25,9,17,0,0,0,5.40,1.61
Rick Porcello,DET,32,31,31,0,0,176.1,226,90,107,44,16,10,12,0,0,0,4.59,1.53
Lance Lynn,STL,33,35,29,0,0,176.0,168,74,180,64,16,18,7,0,0,1,3.78,1.32
Derek Holland,TEX,34,29,27,0,0,175.1,162,91,145,52,32,12,7,0,0,0,4.67,1.22
Tommy Hanson,ATL,34,31,31,0,0,174.2,183,87,161,71,27,13,10,0,0,0,4.48,1.45
Jeff Samardzija,CHC,36,28,28,1,0,174.2,157,74,180,56,20,9,13,0,0,0,3.81,1.22
Jake Westbrook,STL,43,28,28,1,0,174.2,191,77,106,52,12,13,11,0,0,0,3.97,1.39
Scott Diamond,MIN,34,27,27,1,1,173.0,184,68,90,31,17,12,9,0,0,0,3.54,1.24
James McDonald,PIT,36,30,29,1,0,171.0,147,80,151,69,21,12,8,0,0,0,4.21,1.26
Kevin Correia,PIT,40,32,28,0,0,171.0,176,80,89,46,20,12,11,0,0,0,4.21,1.30
Ivan Nova,NYY,34,28,28,0,0,170.1,194,95,153,56,28,12,8,0,0,0,5.02,1.47
Bud Norris,HOU,36,29,29,0,0,168.1,165,87,165,66,23,7,13,0,0,0,4.65,1.37
Gavin Floyd,CWS,38,29,29,0,0,168.0,166,80,144,63,22,12,11,0,0,0,4.29,1.36
Luis Mendoza,KC,37,30,25,0,0,166.0,176,78,104,59,15,8,10,0,0,0,4.23,1.42
Ross Detwiler,WAS,35,33,27,0,0,164.1,149,62,105,52,15,10,8,0,0,1,3.40,1.22
Doug Fister,DET,37,26,26,2,1,161.2,156,62,137,37,15,10,10,0,0,0,3.45,1.19
Felix Doubront,BOS,33,29,29,0,0,161.0,162,87,167,71,24,11,10,0,0,0,4.86,1.45
Kevin Millwood,SEA,46,28,28,1,1,161.0,168,76,107,56,13,6,12,0,0,0,4.25,1.39
Stephen Strasburg,WAS,32,28,28,0,0,159.1,136,56,197,48,15,15,6,0,0,0,3.16,1.15
Kyle Kendrick,PHI,36,37,25,1,1,159.1,154,69,116,49,20,11,12,0,1,2,3.90,1.27
Roy Halladay,PHI,43,25,25,0,0,156.1,155,78,132,36,18,11,8,0,0,0,4.49,1.22
Travis Wood,CHC,34,26,26,0,0,156.0,133,74,119,54,25,6,13,0,0,0,4.27,1.20
Bartolo Colon,OAK,47,24,24,0,0,152.1,161,58,91,23,17,10,9,0,0,0,3.43,1.21
Blake Beavan,SEA,32,26,26,0,0,152.1,168,75,67,24,23,11,11,0,0,0,4.43,1.26
Chad Billingsley,LAD,36,25,25,0,0,149.2,148,59,128,45,11,10,9,0,0,0,3.55,1.29
Randy Wolf,MIL,44,25,24,0,0,142.1,179,90,96,45,21,3,10,0,0,0,5.69,1.57
Jordan Lyles,HOU,30,25,25,1,1,141.1,159,80,99,42,20,5,12,0,0,0,5.09,1.42
Marco Estrada,MIL,37,29,23,0,0,138.1,129,56,143,29,18,5,7,0,0,1,3.64,1.14
Kris Medlen,ATL,35,50,12,2,1,138.0,103,24,120,23,6,10,1,1,1,7,1.57,0.91
Jerome Williams,LAA,39,32,15,1,1,137.2,139,70,98,35,17,6,8,1,0,0,4.58,1.26
Alex Cobb,TB,33,23,23,2,1,136.1,130,61,106,40,11,11,9,0,0,0,4.03,1.25
Jose Quintana,CWS,32,25,22,0,0,136.1,142,57,81,42,14,6,6,0,0,0,3.76,1.35
Tommy Hunter,BAL,34,33,20,0,0,133.2,161,81,77,27,32,7,8,0,1,0,5.45,1.41
Joe Blanton,PHI,40,21,20,2,1,133.1,141,68,115,18,22,8,9,0,0,0,4.59,1.19
Vance Worley,PHI,33,23,23,0,0,133.0,154,62,107,47,12,6,9,0,0,0,4.20,1.51
Carlos Zambrano,MIA,39,35,20,1,1,132.1,123,66,95,75,9,7,10,0,0,3,4.49,1.50
Wandy Rodriguez,HOU,42,21,21,0,0,130.2,134,55,89,32,13,7,9,0,0,0,3.79,1.27
Joe Saunders,ARI,39,21,21,1,1,130.0,146,61,89,31,17,6,10,0,0,0,4.22,1.36
Mike Fiers,MIL,35,23,22,0,0,127.2,125,53,135,36,12,9,10,0,0,0,3.74,1.26
Josh Beckett,BOS,40,21,21,0,0,127.1,131,74,94,38,16,5,11,0,0,0,5.23,1.33
Erik Bedard,PIT,42,24,24,0,0,125.2,129,70,118,56,14,7,14,0,0,0,5.01,1.47
Hisashi Iwakuma,SEA,39,30,16,0,0,125.1,117,44,101,43,17,9,5,2,0,0,3.16,1.28
Zach McAllister,CLE,33,22,22,0,0,125.1,133,59,110,38,19,6,8,0,0,0,4.24,1.36
Carlos Villanueva,TOR,37,38,16,0,0,125.1,113,58,122,46,23,7,7,0,0,2,4.16,1.27
Brandon Morrow,TOR,36,21,21,3,3,124.2,98,41,108,41,12,10,7,0,0,0,2.96,1.11
Shaun Marcum,MIL,39,21,21,0,0,124.0,116,51,109,41,16,7,4,0,0,0,3.70,1.27
Scott Feldman,TEX,38,29,21,0,0,123.2,139,70,96,32,14,6,11,0,0,0,5.09,1.38
Zack Greinke,MIL,37,21,21,0,0,123.0,120,47,122,28,7,9,3,0,0,0,3.44,1.20
Jaime Garcia,STL,34,20,20,0,0,121.2,136,53,98,30,7,7,7,0,0,0,3.92,1.36
Anibal Sanchez,MIA,37,19,19,0,0,121.0,119,53,110,33,12,5,7,0,0,0,3.94,1.26
Paul Maholm,CHC,38,21,20,0,0,120.1,115,50,81,34,12,9,6,0,0,0,3.74,1.24
Derek Lowe,CLE,47,21,21,1,1,119.0,156,73,41,45,8,8,10,0,0,0,5.52,1.69
Jason Hammel,BAL,38,20,20,1,1,118.0,104,45,113,42,9,8,6,0,0,0,3.43,1.24
Johan Santana,NYM,42,21,21,2,2,117.0,117,63,111,39,17,6,9,0,0,0,4.85,1.33
Chris Young,NYM,41,20,20,0,0,115.0,119,53,80,36,16,4,9,0,0,0,4.15,1.35
Jake Arrieta,BAL,35,24,18,0,0,114.2,122,79,109,35,16,3,9,0,0,1,6.20,1.37
Jeff Francis,COL,40,24,24,0,0,113.0,145,70,76,22,15,6,7,0,0,0,5.58,1.48
Chris Volstad,CHC,34,21,21,0,0,111.1,137,78,61,43,16,3,12,0,0,0,6.31,1.62
Brandon McCarthy,OAK,37,18,18,0,0,111.0,115,40,73,24,10,8,6,0,0,0,3.24,1.25
Dillon Gee,NYM,34,17,17,0,0,109.2,108,50,97,29,12,6,7,0,0,0,4.10,1.25
Brian Duensing,MIN,38,55,11,0,0,109.0,126,62,69,27,10,4,12,0,1,7,5.12,1.40
Freddy Garcia,NYY,44,30,17,0,0,107.1,112,62,89,35,18,7,6,0,0,0,5.20,1.37
Patrick Corbin,ARI,31,22,17,0,0,107.0,117,54,86,25,14,6,8,1,0,0,4.54,1.33
Joe Kelly,STL,32,24,16,0,0,107.0,112,42,75,36,10,5,7,0,0,0,3.53,1.38
Hector Noesi,SEA,34,22,18,0,0,106.2,107,69,68,39,21,2,12,0,0,0,5.82,1.37
Miguel Gonzalez,BAL,36,18,15,0,0,105.1,92,38,77,35,13,9,4,0,0,0,3.25,1.21
Colby Lewis,TEX,41,16,16,2,0,105.0,99,40,93,14,16,6,6,0,0,0,3.43,1.08
J.A. Happ,HOU,38,18,18,0,0,104.1,112,56,98,39,17,7,9,0,0,0,4.83,1.45
Ryan Dempster,CHC,44,16,16,0,0,104.0,81,26,83,27,9,5,5,0,0,0,2.25,1.04
Matt Garza,CHC,37,18,18,0,0,103.2,90,45,96,32,15,5,7,0,0,0,3.91,1.18
Josh Tomlin,CLE,36,21,16,0,0,103.1,126,73,56,25,18,5,8,0,0,0,6.36,1.46
Travis Blackley,OAK,38,24,15,0,0,102.2,91,44,69,30,10,6,4,0,0,0,3.86,1.18
Phil Humber,CWS,38,26,16,1,1,102.0,113,73,85,44,23,5,5,0,0,0,6.44,1.54
Aaron Laffey,TOR,35,22,16,0,0,100.2,100,51,48,37,17,4,6,0,0,0,4.56,1.36
Francisco Liriano,MIN,37,22,17,0,0,100.0,89,59,109,55,12,3,10,0,0,1,5.31,1.44
David Phelps,NYY,34,33,11,0,0,99.2,81,37,96,38,14,4,4,0,0,2,3.34,1.19
Drew Smyly,DET,31,23,18,0,0,99.1,93,44,94,33,12,4,3,0,0,1,3.99,1.27
Nick Blackburn,MIN,39,19,19,0,0,98.2,143,81,42,26,23,4,9,0,0,0,7.39,1.71
Alex White,COL,32,23,20,0,0,98.0,114,60,64,51,13,2,9,0,0,0,5.51,1.68
Brian Matusz,BAL,34,34,16,0,0,98.0,112,53,81,41,15,6,10,0,0,5,4.87,1.56
Anthony Bass,SD,33,24,15,1,0,97.0,89,51,80,39,10,2,8,1,0,1,4.73,1.32
Drew Pomeranz,COL,32,22,22,0,0,96.2,97,53,83,46,14,2,9,0,0,0,4.93,1.48
Anthony Swarzak,MIN,35,44,5,0,0,96.2,106,54,62,31,15,3,6,0,1,1,5.03,1.42
Aaron Cook,BOS,42,18,18,1,1,94.0,117,59,20,21,15,4,11,0,0,0,5.65,1.47
Jeremy Hefner,NYM,35,26,13,0,0,93.2,110,53,62,18,9,4,7,0,0,0,5.09,1.37
Jason Marquis,SD,42,15,15,1,1,93.2,94,42,79,28,14,6,7,0,0,0,4.04,1.30
Randall Delgado,ATL,31,18,17,0,0,92.2,89,45,76,42,8,4,9,0,0,0,4.37,1.41
Eric Stults,SD,41,18,14,0,0,92.1,86,30,51,23,7,8,3,0,0,0,2.92,1.18
Jeremy Guthrie,KC,41,14,14,0,0,91.0,84,32,56,19,9,5,3,0,0,0,3.16,1.13
Jeremy Guthrie,COL,41,19,15,0,0,90.2,122,64,45,31,21,3,9,0,1,0,6.35,1.69
Jeanmar Gomez,CLE,33,20,17,0,0,90.2,95,60,47,34,15,5,8,0,0,0,5.96,1.42
Jeff Karstens,PIT,38,19,15,0,0,90.2,89,40,66,15,8,5,4,0,0,1,3.97,1.15
Josh Collmenter,ARI,35,28,11,0,0,90.1,92,37,80,22,13,5,3,0,0,0,3.69,1.26
Will Smith,KC,31,16,16,0,0,89.2,111,53,59,33,12,6,9,0,0,0,5.32,1.61
Zack Greinke,LAA,37,13,13,0,0,89.1,80,35,78,26,11,6,2,0,0,0,3.53,1.19
Josh Roenicke,COL,38,63,0,0,0,88.2,85,32,54,43,9,4,2,1,2,8,3.25,1.44
Craig Stammen,WAS,37,59,0,0,0,88.1,70,23,87,36,7,6,1,1,1,10,2.34,1.20
Cole De Vries,MIN,36,17,16,0,0,87.2,88,40,58,18,16,5,5,0,0,0,4.11,1.21
Chris Tillman,BAL,32,15,15,0,0,86.0,66,28,66,24,12,9,3,0,0,0,2.93,1.05
Dallas Keuchel,HOU,33,16,16,1,0,85.1,93,50,38,39,14,3,8,0,0,0,5.27,1.55
Liam Hendriks,MIN,32,16,16,1,0,85.1,106,53,50,26,17,1,8,0,0,0,5.59,1.55
Christian Friedrich,COL,33,16,16,0,0,84.2,102,58,74,30,14,5,8,0,0,0,6.17,1.56
Kelvin Herrera,KC,31,76,0,0,0,84.1,79,22,77,21,4,4,3,3,1,19,2.35,1.19
Alfredo Aceves,BOS,38,69,0,0,0,84.0,80,50,75,31,11,2,10,25,8,0,5.36,1.32
A.J. Griffin,OAK,33,15,15,0,0,82.1,74,28,64,19,10,7,1,0,0,0,3.06,1.13
Brandon Beachy,ATL,34,13,13,1,1,81.0,49,18,68,29,6,5,5,0,0,0,2.00,0.96
Matt Belisle,COL,40,80,0,0,0,80.0,91,33,69,18,5,3,8,3,7,26,3.71,1.36
Tom Wilhelmsen,SEA,37,73,0,0,0,79.1,59,22,87,29,5,4,3,29,5,7,2.50,1.11
Samuel Deduno,MIN,37,15,15,0,0,79.0,69,39,57,53,10,6,5,0,0,0,4.44,1.54
Adam Ottavino,COL,35,53,0,0,0,79.0,76,40,81,34,9,5,1,0,2,7,4.56,1.39
Shawn Camp,CHC,45,80,0,0,0,77.2,79,31,54,21,7,3,6,2,4,18,3.59,1.29
Franklin Morales,BOS,35,37,9,0,0,76.1,64,32,76,30,11,3,4,1,0,8,3.77,1.23
Jared Hughes,PIT,35,66,0,0,0,75.2,65,24,50,22,7,2,2,2,2,12,2.85,1.15
Andy Pettitte,NYY,48,12,12,0,0,75.1,65,24,69,21,8,5,4,0,0,0,2.87,1.14
Luis Ayala,BAL,43,66,0,0,0,75.0,81,22,51,14,7,5,5,1,2,11,2.64,1.27
Wandy Rodriguez,PIT,42,13,12,0,0,75.0,71,31,50,24,8,5,4,0,0,0,3.72,1.27
Anibal Sanchez,DET,37,12,12,1,1,74.2,81,31,57,15,8,4,6,0,0,0,3.74,1.29
Fernando Rodney,TB,43,76,0,0,0,74.2,43,5,76,15,2,2,2,48,2,0,0.60,0.78
Grant Balfour,OAK,43,75,0,0,0,74.2,41,21,72,28,4,3,2,24,2,15,2.53,0.92
Cristhian Martinez,ATL,39,54,0,0,0,73.2,80,32,65,19,6,5,4,1,0,1,3.91,1.34
Chris Resop,PIT,38,61,0,0,0,73.2,81,32,46,24,6,1,4,1,1,8,3.91,1.43
Mitchell Boggs,STL,37,78,0,0,0,73.1,56,18,58,21,5,4,1,0,3,34,2.21,1.05
Tyson Ross,OAK,33,18,13,0,0,73.1,96,53,46,37,7,2,11,0,0,0,6.50,1.81
Ryan Cook,OAK,33,71,0,0,0,73.1,42,17,80,27,4,6,2,14,7,21,2.09,0.94
Tyler Clippard,WAS,36,74,0,0,0,72.2,55,30,84,29,7,2,6,32,5,13,3.72,1.16
Tom Gorzelanny,WAS,38,45,1,0,0,72.0,65,23,62,30,7,4,2,1,0,9,2.88,1.32
Francisco Rodriguez,MIL,39,78,0,0,0,72.0,65,35,72,31,8,2,7,3,7,32,4.38,1.33
Jason Motte,STL,38,67,0,0,0,72.0,49,22,86,17,9,4,5,42,7,0,2.75,0.92
Luke Gregerson,SD,36,77,0,0,0,71.2,57,19,72,21,7,2,0,9,4,24,2.39,1.09
Alex Burnett,MIN,33,67,0,0,0,71.2,71,28,36,26,4,4,4,0,1,10,3.52,1.35
Aroldis Chapman,CIN,33,68,0,0,0,71.2,35,12,122,23,4,5,5,38,5,6,1.51,0.81
Nate Jones,CWS,35,65,0,0,0,71.2,67,19,65,32,4,8,0,0,3,7,2.39,1.38
Kyle Drabek,TOR,33,13,13,0,0,71.1,67,37,47,47,10,4,7,0,0,0,4.67,1.60
Ronald Belisario,LAD,38,68,0,0,0,71.0,47,20,69,29,3,8,1,1,4,23,2.54,1.07
Garrett Richards,LAA,32,30,9,0,0,71.0,77,37,47,34,7,4,3,1,2,5,4.69,1.56
Joaquin Benoit,DET,43,73,0,0,0,71.0,59,29,84,22,14,5,3,2,4,30,3.68,1.14
Hector Santiago,CWS,33,42,4,0,0,70.1,54,26,79,40,10,4,1,4,2,4,3.33,1.34
Fernando Rodriguez,HOU,36,71,0,0,0,70.1,68,42,78,34,10,2,10,0,4,13,5.37,1.45
Wade Davis,TB,35,54,0,0,0,70.1,48,19,87,29,5,3,0,0,1,7,2.43,1.09
Glen Perkins,MIN,38,70,0,0,0,70.1,57,20,78,16,8,3,1,16,4,11,2.56,1.04
Jonathan Papelbon,PHI,40,70,0,0,0,70.0,56,19,92,18,8,5,6,38,4,0,2.44,1.06
Vinnie Pestano,CLE,36,70,0,0,0,70.0,53,20,76,24,7,3,3,2,3,36,2.57,1.10
Tim Collins,KC,31,72,0,0,0,69.2,55,26,93,34,8,5,4,0,4,11,3.36,1.28
James Russell,CHC,35,77,0,0,0,69.1,67,25,55,23,5,7,1,2,3,13,3.25,1.30
Chad Gaudin,MIA,37,46,0,0,0,69.1,72,35,57,26,6,4,2,0,0,1,4.54,1.41
John Axford,MIL,37,75,0,0,0,69.1,61,36,93,39,10,5,8,35,9,3,4.67,1.44
Jhoulys Chacin,COL,33,14,14,0,0,69.0,80,34,45,32,10,3,5,0,0,0,4.43,1.62
Jose Valverde,DET,42,71,0,0,0,69.0,59,29,48,27,3,3,4,35,5,0,3.78,1.25
Ryan Dempster,TEX,44,12,12,0,0,69.0,74,39,70,25,10,7,3,0,0,0,5.09,1.43
Bobby Parnell,NYM,36,74,0,0,0,68.2,65,19,61,20,4,5,4,7,5,18,2.49,1.24
Wade LeBlanc,MIA,36,25,9,0,0,68.2,71,28,43,19,7,2,5,0,0,1,3.67,1.31
Brad Ziegler,ARI,41,77,0,0,0,68.2,54,19,42,21,2,6,1,0,2,17,2.49,1.09
Paul Maholm,ATL,38,11,11,1,1,68.2,63,27,59,19,8,4,5,0,0,0,3.54,1.19
Jim Johnson,BAL,37,71,0,0,0,68.2,55,19,41,15,3,2,1,51,3,0,2.49,1.02
David Hernandez,ARI,35,72,0,0,0,68.1,48,19,98,22,4,2,3,4,6,25,2.50,1.02
Kameron Loe,MIL,39,70,0,0,0,68.1,78,35,55,20,9,6,5,2,5,7,4.61,1.43
Rafael Soriano,NYY,41,69,0,0,0,67.2,55,17,69,24,6,2,1,42,4,4,2.26,1.17
Rex Brothers,COL,33,75,0,0,0,67.2,63,29,83,37,5,8,2,0,5,18,3.86,1.48
Jamey Wright,LAD,46,66,0,0,0,67.2,72,28,54,30,2,5,3,0,0,6,3.72,1.51
Jose Veras,MIL,40,72,0,0,0,67.0,61,27,79,40,5,5,4,1,1,11,3.63,1.51
Joe Smith,CLE,36,72,0,0,0,67.0,53,22,53,25,4,7,4,0,3,21,2.96,1.16
Joel Peralta,TB,44,76,0,0,0,67.0,49,27,84,17,9,2,6,2,3,37,3.63,0.99
Greg Holland,KC,35,67,0,0,0,67.0,58,22,91,34,2,7,4,16,4,9,2.96,1.37
Darren O'Day,BAL,38,69,0,0,0,67.0,49,17,69,14,6,7,1,0,2,15,2.28,0.94
Brad Brach,SD,34,67,0,0,0,66.2,50,28,75,33,11,2,4,0,1,15,3.78,1.25
Ryan Mattheus,WAS,37,66,0,0,0,66.1,57,21,41,19,8,5,3,0,0,18,2.85,1.15
Pedro Strop,BAL,35,70,0,0,0,66.1,52,18,58,37,2,5,2,3,7,24,2.44,1.34
Wilton Lopez,HOU,37,64,0,0,0,66.1,61,16,54,8,4,6,3,10,3,9,2.17,1.04
Alexi Ogando,TEX,37,58,1,0,0,66.0,49,24,66,17,9,2,0,3,3,12,3.27,1.00
Jerry Blevins,OAK,37,63,0,0,0,65.1,45,18,54,25,7,5,1,1,0,14,2.48,1.07
Kenley Jansen,LAD,33,65,0,0,0,65.0,33,17,99,22,6,5,3,25,7,8,2.35,0.85
Matt Thornton,CWS,44,74,0,0,0,65.0,63,25,53,17,4,4,10,3,4,26,3.46,1.23
Robbie Ross,TEX,31,58,0,0,0,65.0,55,16,47,23,3,6,0,0,0,9,2.22,1.20
Tyler Chatwood,COL,31,19,12,0,0,64.2,74,39,41,33,9,5,6,1,0,0,5.43,1.65
Aaron Crow,KC,34,73,0,0,0,64.2,54,25,65,22,4,3,1,2,6,19,3.48,1.18
Joe Nathan,TEX,46,66,0,0,0,64.1,55,20,78,13,7,3,5,37,3,0,2.80,1.06
Justin Germano,CHC,38,13,12,0,0,64.0,81,48,45,19,7,2,10,0,0,0,6.75,1.56
Heath Bell,MIA,43,73,0,0,0,63.2,70,36,59,29,5,4,5,19,8,13,5.09,1.55
Steve Cishek,MIA,34,68,0,0,0,63.2,54,19,68,29,3,5,2,15,4,13,2.69,1.30
Ramon Ramirez,NYM,39,58,0,0,0,63.2,58,30,52,35,4,3,4,1,2,1,4.24,1.46
Casey Janssen,TOR,39,62,0,0,0,63.2,44,18,67,11,7,1,1,22,3,1,2.54,0.86
Santiago Casilla,SF,40,73,0,0,0,63.1,55,20,55,22,8,7,6,25,6,12,2.84,1.22
Jeremy Affeldt,SF,41,67,0,0,0,63.1,57,19,57,23,1,1,2,3,1,16,2.70,1.26
Carl Pavano,MIN,45,11,11,0,0,63.0,80,42,33,8,9,2,5,0,0,0,6.00,1.40
Corey Kluber,CLE,34,12,12,0,0,63.0,76,36,54,18,9,2,5,0,0,0,5.14,1.49
Nathan Eovaldi,MIA,31,12,12,0,0,63.0,70,31,44,27,5,3,7,0,0,0,4.43,1.54
Craig Kimbrel,ATL,32,63,0,0,0,62.2,27,7,116,14,3,3,1,42,3,0,1.01,0.65
Burke Badenhop,TB,38,66,0,0,0,62.1,63,21,42,12,6,3,2,0,0,5,3.03,1.20
Jared Burton,MIN,39,64,0,0,0,62.0,41,15,55,16,5,3,2,5,4,18,2.18,0.92
P.J. Walters,MIN,36,12,12,1,0,61.2,71,39,42,22,12,2,5,0,0,0,5.69,1.51
Brett Cecil,TOR,34,21,9,0,0,61.1,70,39,51,23,11,2,4,0,0,1,5.72,1.52
Everett Teaford,KC,36,18,5,0,0,61.1,68,34,35,21,11,1,4,0,0,0,4.99,1.45
Chad Durbin,ATL,43,76,0,0,0,61.0,52,21,49,28,9,4,1,1,2,15,3.10,1.31
Alfredo Simon,CIN,39,36,0,0,0,61.0,65,18,52,22,2,3,2,1,0,1,2.66,1.43
Jose Arredondo,CIN,36,66,0,0,0,61.0,50,20,62,34,7,6,2,1,1,12,2.95,1.38
Sean Marshall,CIN,38,73,0,0,0,61.0,55,17,74,16,3,5,5,9,4,22,2.51,1.16
David Robertson,NYY,35,65,0,0,0,60.2,52,18,81,19,5,2,7,2,3,30,2.67,1.17
Ryan Webb,MIA,35,65,0,0,0,60.1,72,27,44,20,2,4,3,0,0,10,4.03,1.52
Zack Britton,BAL,33,12,11,0,0,60.1,61,34,53,32,6,5,3,0,0,0,5.07,1.54
Joel Hanrahan,PIT,39,63,0,0,0,59.2,40,18,67,36,8,5,2,36,4,0,2.72,1.27
Brad Lincoln,PIT,35,28,5,0,0,59.1,51,18,60,14,8,4,2,1,1,5,2.73,1.10
Daniel Bard,BOS,35,17,10,0,0,59.1,60,41,38,43,9,5,6,0,0,0,6.22,1.74
Matt Harvey,NYM,31,10,10,0,0,59.1,42,18,70,26,5,3,5,0,0,0,2.73,1.15
Bryan Shaw,ARI,33,64,0,0,0,59.1,60,23,41,24,4,1,6,2,2,10,3.49,1.42
Roy Oswalt,TEX,43,17,9,0,0,59.0,79,38,59,11,11,4,3,0,0,0,5.80,1.53
Erasmo Ramirez,SEA,30,16,8,0,0,59.0,47,22,48,12,6,1,3,0,0,0,3.36,1.00
Drew Hutchison,TOR,30,11,11,0,0,58.2,59,30,49,20,8,5,3,0,0,0,4.60,1.35
Jason Grilli,PIT,44,64,0,0,0,58.2,45,19,90,22,7,1,6,2,3,32,2.91,1.14
Fernando Salas,STL,35,65,0,0,0,58.2,56,28,60,27,5,1,4,0,3,7,4.30,1.41
Jonny Venters,ATL,35,66,0,0,0,58.2,61,21,69,28,6,5,4,0,3,20,3.22,1.52
Manny Parra,MIL,38,62,0,0,0,58.2,62,33,61,35,3,2,3,0,2,9,5.06,1.65
Octavio Dotel,DET,47,57,0,0,0,58.0,50,23,62,12,3,5,3,1,3,11,3.57,1.07
Juan Nicasio,COL,34,11,11,0,0,58.0,72,34,54,22,7,2,3,0,0,0,5.28,1.62
Jon Rauch,NYM,42,73,0,0,0,57.2,45,23,42,12,7,3,7,4,4,16,3.59,0.99
Joe Blanton,LAD,40,10,10,0,0,57.2,66,32,51,16,7,2,4,0,0,0,4.99,1.42
Rafael Betancourt,COL,45,60,0,0,0,57.2,53,18,57,12,6,1,4,31,7,1,2.81,1.13
Dale Thayer,SD,40,64,0,0,0,57.2,53,22,47,12,4,2,2,7,3,22,3.43,1.13
Chris Perez,CLE,35,61,0,0,0,57.2,49,23,59,16,6,0,4,39,4,0,3.59,1.13
Matt Reynolds,COL,36,71,0,0,0,57.1,65,28,51,17,11,3,1,0,0,2,4.40,1.43
Sam LeCure,CIN,36,48,0,0,0,57.1,46,20,61,23,3,3,3,0,1,7,3.14,1.20
Eric O'Flaherty,ATL,36,64,0,0,0,57.1,47,11,46,19,3,3,0,0,3,28,1.73,1.15
Francisco Liriano,CWS,37,12,11,0,0,56.2,54,34,58,32,7,3,2,0,0,0,5.40,1.52
Sean Burnett,WAS,38,70,0,0,0,56.2,58,15,57,12,4,1,2,2,3,31,2.38,1.24
Darren Oliver,TOR,50,62,0,0,0,56.2,43,13,52,15,3,3,4,2,2,16,2.06,1.02
Nathan Eovaldi,LAD,31,10,10,0,0,56.1,63,26,34,20,5,1,6,0,0,0,4.15,1.47
Troy Patton,BAL,35,54,0,0,0,55.2,45,15,49,12,5,1,0,0,1,9,2.43,1.02
Boone Logan,NYY,36,80,0,0,0,55.1,48,23,68,28,6,7,2,1,3,23,3.74,1.37
Carlos Marmol,CHC,38,61,0,0,0,55.1,40,21,72,45,4,3,3,20,3,2,3.42,1.54
Sergio Romo,SF,38,69,0,0,0,55.1,37,11,63,10,5,4,2,14,1,23,1.79,0.85
Jake McGee,TB,34,69,0,0,0,55.1,33,12,73,11,3,5,2,0,2,20,1.95,0.80
Tony Sipp,CLE,37,63,0,0,0,55.0,47,27,51,23,9,1,2,1,1,12,4.42,1.27
Addison Reed,CWS,32,62,0,0,0,55.0,57,29,54,18,6,3,2,29,4,4,4.75,1.36
Rhiner Cruz,HOU,34,52,0,0,0,55.0,65,37,46,29,8,1,1,0,1,0,6.05,1.71
Brayan Villarreal,DET,33,50,0,0,0,54.2,38,16,66,28,3,3,5,0,0,9,2.63,1.21
Logan Ondrusek,CIN,36,63,0,0,0,54.2,51,21,39,31,8,5,2,2,2,13,3.46,1.50
J.J. Putz,ARI,44,57,0,0,0,54.1,45,17,65,11,4,1,5,32,5,0,2.82,1.03
Ernesto Frieri,LAA,35,56,0,0,0,54.1,26,14,80,26,7,4,2,23,3,6,2.32,0.96
Phil Coke,DET,38,66,0,0,0,54.0,71,24,51,18,5,2,3,1,2,20,4.00,1.65
Jamie Moyer,COL,58,10,10,0,0,53.2,75,34,36,18,11,2,5,0,0,0,5.70,1.73
John Danks,CWS,35,9,9,0,0,53.2,57,34,30,23,7,3,4,0,0,0,5.70,1.49
Jonathan Sanchez,KC,38,12,12,0,0,53.1,65,46,36,44,8,1,6,0,0,0,7.76,2.04
Tony Watson,PIT,35,68,0,0,0,53.1,37,20,53,23,5,5,2,0,2,16,3.38,1.13
Esmil Rogers,CLE,35,44,0,0,0,53.0,47,18,54,12,5,3,1,0,0,6,3.06,1.11
Carlos Torres,COL,38,31,0,0,0,53.0,49,31,42,26,2,5,3,0,0,1,5.26,1.42
Wesley Wright,HOU,36,77,0,0,0,52.1,45,19,54,17,4,2,2,1,1,19,3.27,1.18
Mike Adams,TEX,42,61,0,0,0,52.1,56,19,45,17,4,5,3,1,1,27,3.27,1.39
Jordan Norberto,OAK,34,39,0,0,0,52.0,37,16,46,22,5,4,1,1,2,4,2.77,1.13
Jeff Gray,MIN,39,49,0,0,0,52.0,58,33,26,22,9,6,1,0,0,1,5.71,1.54
Antonio Bastardo,PHI,35,65,0,0,0,52.0,40,25,81,26,7,2,5,1,4,26,4.33,1.27
Scott Atchison,BOS,44,42,0,0,0,51.1,42,9,36,9,2,2,1,0,1,5,1.58,0.99
Louis Coleman,KC,34,42,0,0,0,51.0,41,21,65,26,10,0,0,0,0,2,3.71,1.31
Dylan Axelrod,CWS,35,14,7,0,0,51.0,56,31,40,21,8,2,2,0,0,0,5.47,1.51
Clay Hensley,SF,41,60,0,0,0,50.2,50,26,42,30,5,4,5,3,1,8,4.62,1.58
J.P. Howell,TB,37,55,0,0,0,50.1,39,17,42,22,7,1,0,0,0,3,3.04,1.21
Charlie Morton,PIT,37,9,9,0,0,50.1,62,26,25,11,5,2,6,0,0,0,4.65,1.45
Guillermo Moscoso,COL,37,23,3,0,0,50.0,67,34,47,19,8,3,2,0,1,1,6.12,1.72
Vicente Padilla,BOS,43,56,0,0,0,50.0,59,25,51,15,7,4,1,1,4,23,4.50,1.48
Ben Sheets,ATL,42,9,9,0,0,49.1,52,19,35,13,6,4,4,0,0,0,3.47,1.32
Ross Ohlendorf,SD,38,13,9,0,0,48.2,62,42,39,24,7,4,4,0,0,0,7.77,1.77
Ted Lilly,LAD,45,8,8,0,0,48.2,36,17,31,19,3,5,1,0,0,0,3.14,1.13
Jim Miller,OAK,38,33,0,0,0,48.2,39,14,44,27,6,2,1,0,0,0,2.59,1.36
Jair Jurrjens,ATL,35,11,10,0,0,48.1,72,37,19,18,8,3,4,0,0,0,6.89,1.86
Jesse Crain,CWS,39,51,0,0,0,48.0,29,13,60,23,5,2,3,0,4,10,2.44,1.08
Josh Lindblom,LAD,33,48,0,0,0,47.2,42,16,43,18,9,2,2,0,2,15,3.02,1.26
Sean Doolittle,OAK,34,44,0,0,0,47.1,40,16,60,11,3,2,1,1,1,18,3.04,1.08
Manny Acosta,NYM,39,45,0,0,0,47.1,48,34,46,25,7,1,3,1,1,4,6.46,1.54
Manuel Corpas,CHC,38,48,0,0,0,46.2,50,26,28,16,7,0,2,0,3,6,5.01,1.41
Miguel Batista,NYM,50,30,5,0,0,46.2,53,25,34,31,5,1,3,0,0,0,4.82,1.80
Marc Rzepczynski,STL,35,70,0,0,0,46.2,46,22,33,17,7,1,3,0,5,18,4.24,1.35
Andrew Cashner,SD,34,33,5,0,0,46.1,42,22,52,19,5,3,4,0,4,6,4.27,1.32
Charlie Furbush,SEA,34,48,0,0,0,46.1,28,14,53,16,3,5,2,0,0,6,2.72,0.95
Duane Below,DET,35,27,1,0,0,46.1,49,20,29,8,6,2,1,0,0,0,3.88,1.23
Cody Eppley,NYY,35,59,0,0,0,46.0,46,17,32,17,3,1,2,0,0,9,3.33,1.37
Fernando Abad,HOU,35,37,6,0,0,46.0,57,26,38,19,6,0,6,0,0,3,5.09,1.65
Scott Downs,LAA,44,57,0,0,0,45.2,43,16,32,17,3,1,1,9,3,24,3.15,1.31
Jason Isringhausen,LAA,48,50,0,0,0,45.2,44,21,31,19,7,3,2,0,5,4,4.14,1.38
Daisuke Matsuzaka,BOS,40,11,11,0,0,45.2,58,42,41,20,11,1,7,0,0,0,8.28,1.71
Daniel Hudson,ARI,34,9,9,0,0,45.1,62,37,37,12,9,3,2,0,0,0,7.35,1.63
Mark Melancon,BOS,35,41,0,0,0,45.0,45,31,41,12,8,0,2,1,1,2,6.20,1.27
Javy Guerra,LAD,35,45,0,0,0,45.0,44,13,37,23,1,2,3,8,5,4,2.60,1.49
Kevin Jepsen,LAA,36,49,0,0,0,44.2,39,15,38,12,3,3,2,2,2,18,3.02,1.14
Brandon League,SEA,37,46,0,0,0,44.2,48,18,27,19,1,0,5,9,6,6,3.63,1.50
Joe Saunders,BAL,39,7,7,0,0,44.2,49,18,23,8,4,3,3,0,0,0,3.63,1.28
Shawn Kelley,SEA,36,47,0,0,0,44.1,43,16,45,15,5,2,4,0,2,6,3.25,1.31
Junichi Tazawa,BOS,34,37,0,0,0,44.0,37,7,45,5,1,1,1,1,0,5,1.43,0.95
Mike Dunn,MIA,35,60,0,0,0,44.0,49,24,47,29,3,0,3,1,5,18,4.91,1.77
Vin Mazzaro,KC,34,18,6,0,0,44.0,55,28,26,19,3,4,3,0,0,0,5.73,1.68
Jason Frasor,TOR,43,50,0,0,0,43.2,42,20,53,22,6,1,1,0,3,13,4.12,1.47
Kevin Gregg,BAL,42,40,0,0,0,43.2,50,24,37,24,6,3,2,0,0,0,4.95,1.69
George Kontos,SF,35,44,0,0,0,43.2,34,12,44,12,3,2,1,0,1,5,2.47,1.05
Craig Breslow,ARI,40,40,0,0,0,43.1,38,13,42,13,5,2,0,0,0,4,2.70,1.18
Josh Beckett,LAD,40,7,7,0,0,43.0,43,14,38,14,5,2,3,0,0,0,2.93,1.33
Jacob Turner,MIA,29,7,7,0,0,42.2,33,16,29,9,5,1,4,0,0,0,3.38,0.98
Neftali Feliz,TEX,32,8,7,1,0,42.2,28,15,37,23,5,3,1,0,0,0,3.16,1.20
Frank Francisco,NYM,41,48,0,0,0,42.1,47,26,47,21,5,1,3,23,3,1,5.53,1.61
Hisanori Takahashi,LAA,45,42,0,0,0,42.0,39,23,41,10,6,0,3,0,1,3,4.93,1.17
Clayton Mortensen,BOS,35,26,0,0,0,42.0,32,15,41,19,7,1,1,0,0,1,3.21,1.21
Luis Perez,TOR,36,35,0,0,0,42.0,38,16,39,16,3,2,2,0,0,4,3.43,1.29
LaTroy Hawkins,LAA,48,48,0,0,0,42.0,45,17,23,13,5,2,3,1,3,6,3.64,1.38
Lucas Luetge,SEA,33,63,0,0,0,40.2,37,18,38,24,3,2,2,2,1,12,3.98,1.50
Josh Outman,COL,36,27,7,0,0,40.2,47,37,40,20,7,1,3,0,0,3,8.19,1.65
Victor Marte,STL,40,48,0,0,0,40.1,51,22,36,14,6,3,2,0,2,9,4.91,1.61
Andrew Werner,SD,34,8,8,0,0,40.1,45,25,35,14,5,2,3,0,0,0,5.58,1.46
J.A. Happ,TOR,38,10,6,0,0,40.1,35,21,46,17,2,3,2,0,0,1,4.69,1.29
Andrew Miller,BOS,35,53,0,0,0,40.1,28,15,51,20,3,3,2,0,0,13,3.35,1.19
David Carpenter,LAA,33,28,0,0,0,39.2,42,21,28,17,6,1,2,0,0,2,4.76,1.49
Dan Straily,OAK,32,7,7,0,0,39.1,36,17,32,16,11,2,1,0,0,0,3.89,1.32
Mark Lowe,TEX,37,36,0,0,0,39.1,35,15,28,13,5,0,2,0,0,1,3.43,1.22
Matt Albers,BOS,38,40,0,0,0,39.1,30,10,25,15,6,2,0,0,4,7,2.29,1.14
Edward Mujica,MIA,36,41,0,0,0,39.0,36,19,26,9,6,0,3,2,4,12,4.38,1.15
Huston Street,SD,37,40,0,0,0,39.0,17,8,47,11,2,2,1,23,1,0,1.85,0.72
Mark Rogers,MIL,35,7,7,0,0,39.0,36,17,41,14,5,3,1,0,0,0,3.92,1.28
Cory Wade,NYY,37,39,0,0,0,39.0,46,28,38,8,8,1,1,0,2,8,6.46,1.38
Jordan Walden,LAA,33,45,0,0,0,39.0,35,15,48,18,3,3,2,1,1,8,3.46,1.36
Jose Mijares,KC,36,51,0,0,0,38.2,36,11,37,13,3,2,2,0,1,11,2.56,1.27
Steve Johnson,BAL,33,12,4,0,0,38.1,23,9,46,18,4,4,0,0,0,0,2.11,1.07
Clay Rapada,NYY,40,70,0,0,0,38.1,29,12,38,17,2,3,0,0,0,6,2.82,1.20
Martin Perez,TEX,29,12,6,0,0,38.0,47,23,25,15,3,1,4,0,0,0,5.45,1.63
Rafael Dolis,CHC,33,34,0,0,0,38.0,40,27,24,23,5,2,4,4,2,3,6.39,1.66
Jeff Niemann,TB,38,8,8,0,0,38.0,30,13,34,12,2,2,3,0,0,0,3.08,1.11
Shawn Tolleson,LAD,33,40,0,0,0,37.2,30,18,39,20,4,3,1,0,0,2,4.30,1.33
Felipe Paulino,KC,37,7,7,0,0,37.2,31,7,39,15,3,3,1,0,0,0,1.67,1.22
Mike Zagurski,ARI,38,45,0,0,0,37.1,37,23,34,19,5,0,0,0,1,4,5.54,1.50
Kip Wells,SD,43,7,7,0,0,37.1,41,19,19,20,6,2,4,0,0,0,4.58,1.63
Tim Dillard,MIL,37,34,0,0,0,37.0,45,18,29,14,3,0,2,0,0,1,4.38,1.59
Michael Bowden,CHC,34,30,0,0,0,36.2,30,12,29,16,4,0,0,0,1,2,2.95,1.25
Steve Delabar,SEA,37,34,0,0,0,36.2,23,17,46,11,9,2,1,0,2,3,4.17,0.93
Livan Hernandez,MIL,46,26,0,0,0,36.1,44,31,29,8,10,3,0,0,1,2,7.68,1.43
Matt Lindstrom,BAL,41,34,0,0,0,36.1,35,11,30,12,2,1,0,0,1,2,2.72,1.29
Brandon Lyon,HOU,41,37,0,0,0,36.0,37,13,35,11,3,0,2,0,2,5,3.25,1.33
Luis Avilan,ATL,31,31,0,0,0,36.0,27,8,33,10,1,1,0,0,0,5,2.00,1.03
Koji Uehara,TEX,45,37,0,0,0,36.0,20,7,43,3,4,0,0,1,0,7,1.75,0.64
Javier Lopez,SF,43,70,0,0,0,36.0,37,10,28,14,1,3,0,7,2,18,2.50,1.42
Mike Gonzalez,WAS,42,47,0,0,0,35.2,31,12,39,16,2,0,0,0,2,7,3.03,1.32
Juan Cruz,PIT,42,43,0,0,0,35.2,39,11,33,19,3,1,1,3,1,14,2.78,1.63
Jonathan Broxton,KC,36,35,0,0,0,35.2,36,9,25,14,1,1,2,23,4,0,2.27,1.40
Jeremy Accardo,CLE,39,26,0,0,0,35.1,38,18,28,16,3,0,0,0,0,0,4.58,1.53
Evan Scribner,OAK,35,30,0,0,0,35.1,30,10,30,12,2,2,0,1,0,1,2.55,1.19
Michael Kirkman,TEX,34,28,0,0,0,35.1,24,15,38,17,5,1,2,0,2,2,3.82,1.16
Brett Anderson,OAK,33,6,6,0,0,35.0,29,10,25,7,1,4,2,0,0,0,2.57,1.03
Casey Fien,MIN,37,35,0,0,0,35.0,25,8,32,9,3,2,1,0,0,6,2.06,0.97
Brett Myers,CWS,40,35,0,0,0,34.2,30,12,21,9,4,3,4,0,0,8,3.12,1.13
Nate Adcock,KC,33,12,2,0,0,34.2,37,9,22,13,4,0,3,0,0,1,2.34,1.44
Jeff Locke,PIT,33,8,6,0,0,34.1,36,21,34,11,6,1,3,0,0,0,5.50,1.37
Michael Schwimer,PHI,35,35,0,0,0,34.1,30,17,36,16,3,2,1,0,1,1,4.46,1.34
Francisco Cordero,TOR,45,41,0,0,0,34.1,48,22,26,14,7,3,5,2,3,6,5.77,1.81
Chris Seddon,CLE,37,17,2,0,0,34.1,35,14,18,13,2,1,1,0,0,1,3.67,1.40
Jason Marquis,MIN,42,7,7,0,0,34.0,52,32,12,14,9,2,4,0,0,0,8.47,1.94
Tyler Cloyd,PHI,33,6,6,0,0,33.0,33,18,30,7,8,2,2,0,0,0,4.91,1.21
Scott Elbert,LAD,35,43,0,0,0,32.2,27,8,29,13,3,1,1,0,0,9,2.20,1.22
John Lannan,WAS,36,6,6,0,0,32.2,33,15,17,14,0,4,1,0,0,0,4.13,1.44
Dana Eveland,BAL,37,14,2,0,0,32.1,32,17,18,13,3,0,1,0,0,0,4.73,1.39
Chien-Ming Wang,WAS,40,10,5,0,0,32.1,50,24,15,15,5,2,3,0,0,0,6.68,2.01
Tanner Scheppers,TEX,34,39,0,0,0,32.1,47,16,30,9,6,1,1,1,0,4,4.45,1.73
Miles Mikolas,SD,32,25,0,0,0,32.1,32,13,23,15,4,2,1,0,1,1,3.62,1.45
Chad Jenkins,TOR,33,13,3,0,0,32.0,32,16,16,11,5,1,3,0,0,0,4.50,1.34
Josh Kinney,SEA,41,35,0,0,0,32.0,24,14,36,15,3,0,3,1,1,9,3.94,1.22
Joe Thatcher,SD,39,55,0,0,0,31.2,30,12,39,14,2,1,4,1,0,14,3.41,1.39
Esmerling Vasquez,MIN,37,6,6,0,0,31.2,32,20,14,19,2,0,2,0,0,0,5.68,1.61
Chad Qualls,PHI,42,35,0,0,0,31.1,39,16,19,9,7,1,1,0,5,12,4.60,1.53
Jeremy Horst,PHI,35,32,0,0,0,31.1,21,4,40,14,1,2,0,0,0,6,1.15,1.12
Livan Hernandez,ATL,46,18,0,0,0,31.0,40,17,19,8,5,1,1,1,0,0,4.94,1.55
Xavier Cedeno,HOU,34,44,0,0,0,31.0,30,13,36,14,3,0,1,1,2,6,3.77,1.42
Cory Luebke,SD,36,5,5,0,0,31.0,28,9,23,8,1,3,1,0,0,0,2.61,1.16
Raul Valdes,PHI,43,27,1,0,0,31.0,18,10,35,5,3,3,2,0,1,2,2.90,0.74
Brett Myers,HOU,40,35,0,0,0,30.2,35,12,20,6,4,0,4,19,2,0,3.52,1.34
J.J. Hoover,CIN,33,28,0,0,0,30.2,17,7,31,13,2,1,0,1,1,1,2.05,0.98
Tim Byrdak,NYM,47,56,0,0,0,30.2,18,15,34,18,2,2,2,0,2,17,4.40,1.17
Aaron Loup,TOR,33,33,0,0,0,30.2,26,9,21,2,0,0,2,0,1,6,2.64,0.91
Jim Henderson,MIL,38,36,0,0,0,30.2,26,12,45,13,1,1,3,3,4,15,3.52,1.27
Jeff Suppan,SD,46,6,6,0,0,30.2,34,18,7,13,4,2,3,0,0,0,5.28,1.53
Mickey Storey,HOU,34,26,0,0,0,30.1,27,13,34,10,2,0,1,0,0,3,3.86,1.22
Drew Storen,WAS,33,37,0,0,0,30.1,22,8,24,8,0,3,1,4,1,10,2.37,0.99
Cesar Ramos,TB,36,17,1,0,0,30.0,19,7,29,10,2,1,0,0,0,0,2.10,0.97
Zach Stewart,CWS,34,18,1,0,0,30.0,41,20,16,4,10,1,2,0,0,0,6.00,1.50
Chris Rusin,CHC,34,7,7,0,0,29.2,38,21,21,11,4,2,3,0,0,0,6.37,1.65
David Carpenter,HOU,35,30,0,0,0,29.2,43,20,27,14,4,0,2,0,1,2,6.07,1.92
Brad Bergesen,ARI,35,19,0,0,0,29.2,29,12,18,7,2,2,1,0,1,0,3.64,1.21
Oliver Perez,SEA,39,33,0,0,0,29.2,27,7,24,10,1,1,3,0,2,5,2.12,1.25
Henry Rodriguez,WAS,34,35,0,0,0,29.1,19,19,31,22,4,1,3,9,3,2,5.83,1.40
Steve Delabar,TOR,37,27,0,0,0,29.1,23,11,46,15,3,2,2,0,0,9,3.38,1.30
Tyler Skaggs,ARI,29,6,6,0,0,29.1,30,19,21,13,6,1,3,0,0,0,5.83,1.47
Chris Archer,TB,32,6,4,0,0,29.1,23,15,36,13,3,1,3,0,0,0,4.60,1.23
Matt Capps,MIN,37,30,0,0,0,29.1,28,12,18,4,5,1,4,14,1,0,3.68,1.09
Wily Peralta,MIL,31,6,5,0,0,29.0,24,8,23,11,0,2,1,0,0,0,2.48,1.21
Casey Kelly,SD,31,6,6,0,0,29.0,39,20,26,10,5,2,3,0,0,0,6.21,1.69
Cody Allen,CLE,32,27,0,0,0,29.0,29,12,27,15,2,0,1,0,1,1,3.72,1.52
Randy Wells,CHC,38,12,4,0,0,28.2,35,17,14,24,1,1,2,0,1,0,5.34,2.06
Brad Lincoln,TOR,35,24,0,0,0,28.2,29,18,28,10,6,1,0,0,0,4,5.65,1.36
Alex Hinshaw,SD,38,31,0,0,0,28.0,23,14,36,20,5,1,1,0,1,1,4.50,1.54
Brad Penny,SF,42,22,0,0,0,28.0,42,19,10,9,4,0,1,0,0,2,6.11,1.82
Danny Duffy,KC,32,6,6,0,0,27.2,26,12,28,18,2,2,2,0,0,0,3.90,1.59
Brad Boxberger,SD,32,24,0,0,0,27.2,22,8,33,18,3,0,0,0,0,1,2.60,1.45
Joe Wieland,SD,31,5,5,0,0,27.2,26,14,24,9,5,0,4,0,0,0,4.55,1.27
Jake Diekman,PHI,34,32,0,0,0,27.1,25,12,35,20,1,1,1,0,1,4,3.95,1.65
Brandon League,LAD,37,28,0,0,0,27.1,17,7,27,14,0,2,1,6,0,2,2.30,1.13
Kyle Farnsworth,TB,44,34,0,0,0,27.0,22,12,25,14,1,1,6,0,0,7,4.00,1.33
Will Ohman,CWS,43,32,0,0,0,26.2,23,19,13,5,6,0,2,0,2,1,6.41,1.05
Stephen Fife,LAD,34,5,5,0,0,26.2,25,8,20,12,2,0,2,0,0,0,2.70,1.39
David Huff,CLE,36,6,4,0,0,26.2,30,10,19,5,5,3,1,0,0,0,3.38,1.31
Nick Vincent,SD,34,27,0,0,0,26.1,19,5,28,7,2,2,0,0,1,5,1.71,0.99
Kyle McPherson,PIT,33,10,3,0,0,26.1,24,8,21,7,3,0,2,0,0,0,2.73,1.18
Edward Mujica,STL,36,29,0,0,0,26.1,20,3,21,3,1,0,0,0,2,18,1.03,0.87
Josh Edgin,NYM,34,34,0,0,0,25.2,19,13,30,10,5,1,2,0,2,5,4.56,1.13
Esmil Rogers,COL,35,23,0,0,0,25.2,36,23,29,18,2,0,2,0,2,2,8.06,2.10
Jairo Asencio,CLE,36,18,0,0,0,25.2,27,17,21,8,4,1,1,0,0,0,5.96,1.36
Shane Loux,SF,41,19,0,0,0,25.1,32,14,9,9,3,1,0,0,0,1,4.97,1.62
Randy Choate,MIA,45,44,0,0,0,25.1,16,7,27,9,0,0,0,1,0,15,2.49,0.99
Nick Hagadone,CLE,35,27,0,0,0,25.1,26,18,26,15,4,1,0,1,1,2,6.39,1.62
Tyler Robertson,MIN,33,40,0,0,0,25.0,21,15,26,14,4,2,2,0,1,5,5.40,1.40
Joe Savery,PHI,35,19,0,0,0,25.0,26,15,16,8,4,1,2,0,0,1,5.40,1.36
B.J. Rosenberg,PHI,35,22,1,0,0,25.0,18,17,24,14,4,1,2,0,0,2,6.12,1.28
Brandon Lyon,TOR,41,30,0,0,0,25.0,19,8,28,9,2,4,0,1,0,7,2.88,1.12
Brian Fuentes,OAK,45,26,0,0,0,25.0,30,19,18,10,5,2,2,5,3,2,6.84,1.60
Carter Capps,SEA,30,18,0,0,0,25.0,25,11,28,11,0,0,0,0,0,2,3.96,1.44
Edgar Gonzalez,HOU,38,6,6,0,0,25.0,23,14,18,8,3,3,1,0,0,0,5.04,1.24
Casey Coleman,CHC,33,17,1,0,0,24.1,37,20,16,12,5,0,2,0,1,0,7.40,2.01
Brooks Raley,CHC,32,5,5,0,0,24.1,33,22,16,11,7,1,2,0,0,0,8.14,1.81
Armando Galarraga,HOU,39,5,5,0,0,24.0,28,18,17,18,6,0,4,0,0,0,6.75,1.92
Derek Lowe,NYY,47,17,0,0,0,23.2,24,8,14,6,2,1,1,1,0,1,3.04,1.27
Josh Lindblom,PHI,33,26,0,0,0,23.1,19,12,27,17,4,1,3,1,1,7,4.63,1.54
Chuckie Fick,HOU,35,18,0,0,0,23.0,24,11,17,17,4,0,1,0,0,2,4.30,1.78
Stephen Pryor,SEA,31,26,0,0,0,23.0,22,10,27,13,5,3,1,0,0,5,3.91,1.52
Trevor Rosenthal,STL,30,19,0,0,0,22.2,14,7,25,7,2,0,2,0,0,3,2.78,0.93
Luis Marte,DET,34,13,0,0,0,22.1,19,7,19,9,4,1,0,0,0,0,2.82,1.25
Edgmer Escalona,COL,34,22,0,0,0,22.1,23,15,21,7,5,0,1,0,0,2,6.04,1.34
Jonathan Broxton,CIN,36,25,0,0,0,22.1,20,7,20,3,1,3,3,4,2,10,2.82,1.03
Joel Carreno,TOR,34,11,2,0,0,22.0,22,15,16,14,7,0,2,0,0,0,6.14,1.64
Tyler Thornburg,MIL,32,8,3,0,0,22.0,24,11,20,7,8,0,0,0,0,0,4.50,1.41
Pedro Figueroa,OAK,35,19,0,0,0,21.2,16,8,14,15,2,0,0,0,0,0,3.32,1.43
Alberto Cabrera,CHC,32,25,0,0,0,21.2,16,13,27,18,1,1,1,0,0,1,5.40,1.57
Jeff Manship,MIN,36,12,0,0,0,21.2,29,19,12,7,4,0,0,0,0,1,7.89,1.66
Jesse Chavez,TOR,37,9,2,0,0,21.1,25,20,27,10,6,1,1,0,0,0,8.44,1.64
Elvin Ramirez,NYM,33,20,0,0,0,21.1,24,13,22,20,1,0,1,0,0,1,5.48,2.06
Collin McHugh,NYM,33,8,4,0,0,21.1,27,18,17,8,5,0,4,0,0,0,7.59,1.64
Kyle Waldrop,MIN,35,17,0,0,0,21.1,27,6,7,6,2,0,1,0,1,2,2.53,1.55
Brian Omogrosso,CWS,36,17,0,0,0,21.0,20,6,18,9,3,0,0,0,0,1,2.57,1.38
Graham Godfrey,OAK,36,5,4,0,0,21.0,26,15,10,10,4,0,4,0,0,0,6.43,1.71
Matt Albers,ARI,38,23,0,0,0,21.0,16,6,19,7,3,1,1,0,2,2,2.57,1.10
Joba Chamberlain,NYY,35,22,0,0,0,20.2,26,10,22,6,3,1,0,0,0,4,4.35,1.55
Guillermo Mota,SF,47,26,0,0,0,20.2,24,12,24,8,3,0,1,0,1,10,5.23,1.55
Darin Downs,DET,36,18,0,0,0,20.2,18,8,20,9,1,2,1,0,0,1,3.48,1.31
Scott Maine,CHC,36,21,0,0,0,20.2,17,11,26,12,2,1,1,0,1,1,4.79,1.40
Cory Gearrin,ATL,34,22,0,0,0,20.0,17,4,20,5,1,0,1,0,1,4,1.80,1.10
Sam Freeman,STL,33,24,0,0,0,20.0,17,12,18,10,2,0,2,0,0,2,5.40,1.35
Craig Breslow,BOS,40,23,0,0,0,20.0,14,6,19,9,0,1,0,0,1,5,2.70,1.15
Mike Pelfrey,NYM,37,3,3,0,0,19.2,24,5,13,4,0,0,0,0,0,0,2.29,1.42
Rich Hill,BOS,41,25,0,0,0,19.2,17,4,21,11,0,1,0,0,0,6,1.83,1.42
Pat Neshek,OAK,40,24,0,0,0,19.2,10,3,16,6,3,2,1,0,2,4,1.37,0.81
Todd Coffey,LAD,40,23,0,0,0,19.1,17,10,18,9,1,1,0,0,0,2,4.66,1.34
Barret Browning,STL,36,22,0,0,0,19.1,18,11,11,7,2,1,3,0,0,4,5.12,1.29
Hector Ambriz,HOU,36,18,0,0,0,19.1,14,9,22,11,0,1,1,0,0,3,4.19,1.29
Frank Herrmann,CLE,36,15,0,0,0,19.1,12,5,14,4,1,0,0,0,0,0,2.33,0.83
Enerio Del Rosario,HOU,35,19,0,0,0,19.0,34,19,11,7,1,0,0,0,0,1,9.00,2.16
Scott Barnes,CLE,33,16,0,0,0,19.0,17,9,16,7,1,0,0,0,0,1,4.26,1.26
Dan Jennings,MIA,33,22,0,0,0,19.0,18,4,8,11,2,1,0,0,0,2,1.89,1.53
Kyle McClellan,STL,36,16,0,0,0,18.2,16,11,11,9,2,0,1,0,0,1,5.30,1.34
Jason Berken,CHC,37,4,4,0,0,18.2,23,10,11,6,3,0,3,0,0,0,4.82,1.55
Collin Balester,DET,34,11,0,0,0,18.0,14,13,12,11,5,2,0,0,0,0,6.50,1.39
Cory Burns,SD,33,17,0,0,0,18.0,26,11,18,10,1,0,1,0,0,0,5.50,2.00
Brandon Gomes,TB,36,15,0,0,0,17.2,16,10,15,12,2,2,2,0,0,1,5.09,1.58
Will Harris,COL,36,20,0,0,0,17.2,27,16,19,6,3,1,1,0,0,3,8.15,1.87
Kyle Weiland,HOU,34,3,3,0,0,17.2,24,13,13,7,5,0,3,0,0,0,6.62,1.75
Jeff Beliveau,CHC,34,22,0,0,0,17.2,21,9,17,12,5,1,0,0,0,1,4.58,1.87
Jose Mijares,SF,36,27,0,0,0,17.2,14,5,20,8,0,1,0,0,0,7,2.55,1.25
Francisley Bueno,KC,40,18,0,0,0,17.1,16,3,7,2,0,1,1,0,0,4,1.56,1.04
Luis Perdomo,MIN,36,15,0,0,0,17.0,15,6,8,12,0,0,0,0,0,0,3.18,1.59
Chris Carpenter,STL,45,3,3,0,0,17.0,16,7,12,3,2,0,2,0,0,0,3.71,1.12
Yoshinori Tateyama,TEX,45,14,0,0,0,17.0,18,17,18,6,4,1,0,0,0,0,9.00,1.41
Tom Layne,SD,36,26,0,0,0,16.2,9,6,25,3,0,2,0,2,1,7,3.24,0.72
Anthony Varvaro,ATL,36,12,0,0,0,16.2,16,10,21,9,2,1,1,0,0,0,5.40,1.50
Brandon Kintzler,MIL,36,14,0,0,0,16.2,18,7,14,7,1,3,0,0,0,2,3.78,1.50
Trevor Bauer,ARI,30,4,4,0,0,16.1,14,11,17,13,2,1,2,0,0,0,6.06,1.65
Lendy Castillo,CHC,31,13,0,0,0,16.0,24,14,13,12,2,0,1,0,0,0,7.88,2.25
Luke Putkonen,DET,34,12,0,0,0,16.0,19,7,10,8,0,0,2,1,1,0,3.94,1.69
Jenrry Mejia,NYM,31,5,3,0,0,16.0,20,10,8,9,2,1,2,0,0,0,5.63,1.81
Michael Ekstrom,COL,37,15,0,0,0,15.2,21,11,9,2,1,0,0,0,0,0,6.32,1.47
Chad Beck,TOR,36,14,0,0,0,15.2,21,11,9,5,2,0,0,0,0,0,6.32,1.66
Steve Edlefsen,SF,35,14,0,0,0,15.1,20,8,9,6,1,0,1,0,0,0,4.70,1.70
Andrew Bailey,BOS,36,19,0,0,0,15.1,21,12,14,8,2,1,1,6,3,1,7.04,1.89
Randy Wolf,BAL,44,5,2,0,0,15.1,17,9,8,7,2,2,0,0,0,0,5.28,1.57
Eduardo Sanchez,STL,32,17,0,0,0,15.0,11,11,13,13,2,0,1,0,0,4,6.60,1.60
Phillippe Aumont,PHI,32,18,0,0,0,14.2,10,6,14,9,0,0,1,2,1,5,3.68,1.30
Jairo Asencio,CHC,36,12,0,0,0,14.2,12,5,8,11,1,0,0,0,0,0,3.07,1.57
Chris Hatcher,MIA,36,11,0,0,0,14.2,17,7,10,6,3,0,0,0,0,0,4.30,1.57
Leyson Septimo,CWS,35,21,0,0,0,14.1,8,8,14,6,3,0,2,0,0,0,5.02,0.98
Roberto Hernandez,CLE,40,3,3,0,0,14.1,17,12,2,3,4,0,3,0,0,0,7.53,1.40
Justin Grimm,TEX,31,5,2,0,0,14.0,22,14,13,3,1,1,1,0,0,0,9.00,1.79
Mike McClendon,MIL,35,9,0,0,0,14.0,20,10,4,5,1,0,0,0,0,0,6.43,1.79
Matt Guerrier,LAD,42,16,0,0,0,14.0,8,6,9,7,3,0,2,0,1,3,3.86,1.07
Jose Contreras,PHI,49,17,0,0,0,13.2,13,8,15,3,1,1,0,0,0,4,5.27,1.17
Chad Qualls,PIT,42,17,0,0,0,13.2,14,10,6,2,0,0,0,0,0,2,6.59,1.17
Shelby Miller,STL,30,6,1,0,0,13.2,9,2,16,4,0,1,0,0,0,1,1.32,0.95
Zach Duke,WAS,37,8,0,0,0,13.2,11,2,10,4,0,1,0,0,0,0,1.32,1.10
Al Alburquerque,DET,34,8,0,0,0,13.1,6,1,18,8,0,0,0,0,0,1,0.68,1.05
Tom Koehler,MIA,34,8,1,0,0,13.1,15,8,13,2,4,0,1,0,0,0,5.40,1.28
Robert Carson,NYM,32,17,0,0,0,13.1,13,7,5,4,2,0,0,0,0,1,4.73,1.28
Randy Choate,LAD,45,36,0,0,0,13.1,13,6,11,9,1,0,0,0,0,5,4.05,1.65
Jeremy Jeffress,KC,33,13,0,0,0,13.1,19,10,13,13,0,0,0,0,0,0,6.75,2.40
Donnie Veal,CWS,36,24,0,0,0,13.0,5,2,19,4,0,0,0,1,0,4,1.38,0.69
Doug Slaten,PIT,41,10,0,0,0,13.0,9,4,6,8,1,0,0,0,0,2,2.77,1.31
Christian Garcia,WAS,35,13,0,0,0,12.2,8,3,15,2,2,0,0,0,0,4,2.13,0.79
Casey Crosby,DET,32,3,3,0,0,12.1,15,13,9,11,2,1,1,0,0,0,9.49,2.11
Jeurys Familia,NYM,31,8,1,0,0,12.1,10,8,10,9,0,0,0,0,0,0,5.84,1.54
Jacob Turner,DET,29,3,3,0,0,12.1,17,11,7,7,4,1,1,0,0,0,8.03,1.95
Dan Otero,SF,36,12,0,0,0,12.1,19,8,8,2,0,0,0,0,0,0,5.84,1.70
Dan Wheeler,CLE,43,12,0,0,0,12.1,17,12,2,7,3,0,0,0,0,1,8.76,1.95
Takashi Saito,ARI,51,16,0,0,0,12.0,17,9,11,5,4,0,0,0,1,2,6.75,1.83
Jaye Chapman,CHC,33,14,0,0,0,12.0,8,5,12,10,0,0,1,0,0,5,3.75,1.50
Jose Valdez,HOU,38,12,0,0,0,12.0,12,3,10,8,1,0,0,0,0,4,2.25,1.67
Evan Meek,PIT,37,12,0,0,0,12.0,14,9,8,6,1,0,0,0,0,1,6.75,1.67
Ernesto Frieri,SD,35,11,0,0,0,11.2,9,3,18,4,2,1,0,0,0,1,2.31,1.11
Chris Leroux,PIT,36,10,0,0,0,11.1,11,7,12,2,1,0,0,0,0,0,5.56,1.15
Jonathan Sanchez,COL,38,3,3,0,0,11.1,17,12,9,9,3,0,3,0,0,0,9.53,2.29
Matt Maloney,MIN,37,9,0,0,0,11.0,17,10,5,1,2,1,0,0,0,0,8.18,1.64
Adam Wilk,DET,33,3,3,0,0,11.0,21,10,7,3,4,0,3,0,0,0,8.18,2.18
Justin De Fratus,PHI,33,13,0,0,0,10.2,7,4,8,5,0,0,0,0,0,5,3.38,1.12
Jorge De La Rosa,COL,39,3,3,0,0,10.2,17,11,6,2,5,0,2,0,0,0,9.28,1.78
Matt Lindstrom,ARI,41,12,0,0,0,10.2,10,3,10,2,0,0,0,0,0,3,2.53,1.12
David Pauley,LAA,37,5,0,0,0,10.1,16,5,4,3,1,0,1,0,0,0,4.35,1.84
Miguel Socolovich,BAL,34,6,0,0,0,10.1,11,8,6,6,2,0,0,0,1,0,6.97,1.65
Josh Spence,SD,33,11,0,0,0,10.1,13,5,10,5,1,0,1,0,0,0,4.35,1.74
Justin Hampson,NYM,40,13,0,0,0,10.0,6,2,4,5,0,0,0,0,0,1,1.80,1.10
Micah Owings,SD,38,6,0,0,0,9.2,8,3,7,5,1,0,2,0,0,0,2.79,1.34
Andrew Carignan,OAK,34,11,0,0,0,9.2,8,5,8,10,0,1,1,0,0,0,4.66,1.86
Eric Hacker,SF,37,4,1,0,0,9.2,14,6,8,2,2,0,1,0,0,0,5.59,1.66
Brad Lidge,WAS,44,11,0,0,0,9.1,12,10,10,11,1,0,1,2,2,0,9.64,2.46
Tommy Hottovy,KC,39,9,0,0,0,9.1,11,3,6,5,2,0,0,0,0,1,2.89,1.71
Josh Stinson,MIL,33,6,1,0,0,9.1,7,1,3,5,1,0,0,0,0,0,0.96,1.29
AJ Ramos,MIA,34,11,0,0,0,9.1,8,4,13,4,2,0,0,0,1,1,3.86,1.29
Maikel Cleto,STL,31,9,0,0,0,9.0,13,7,15,2,4,0,0,0,0,1,7.00,1.67
Vinnie Chulk,MIL,42,7,0,0,0,9.0,17,10,10,4,0,1,0,0,0,0,10.00,2.33
Drew Carpenter,TOR,35,6,0,0,0,9.0,7,5,9,6,4,0,0,0,0,1,5.00,1.44
Chris Narveson,MIL,39,2,2,0,0,9.0,10,7,5,4,2,1,1,0,0,0,7.00,1.56
Bill Bray,CIN,37,14,0,0,0,8.2,6,5,7,14,2,0,0,0,2,1,5.19,2.31
Kerry Wood,CHC,43,10,0,0,0,8.2,8,8,6,11,1,0,2,0,2,3,8.31,2.19
Rob Scahill,COL,34,6,0,0,0,8.2,7,1,4,3,0,0,0,0,0,0,1.04,1.15
Chris Schwinden,NYM,34,3,2,0,0,8.2,15,12,1,3,4,0,1,0,0,0,12.46,2.08
Mariano Rivera,NYY,51,9,0,0,0,8.1,6,2,8,2,0,1,1,5,1,0,2.16,0.96
Hisanori Takahashi,PIT,45,9,0,0,0,8.1,10,8,11,4,2,0,0,0,0,0,8.64,1.68
Roman Colon,KC,41,3,0,0,0,8.0,12,6,3,3,0,0,0,0,0,1,6.75,1.88
J.C. Romero,STL,44,11,0,0,0,8.0,14,9,5,2,3,0,0,0,0,1,10.13,2.00
Ryan Perry,WAS,34,7,0,0,0,8.0,12,9,3,2,2,1,0,0,0,0,10.13,1.75
Evan Crawford,TOR,34,10,0,0,0,8.0,10,6,5,4,3,0,0,0,0,1,6.75,1.75
Pedro Beato,BOS,34,4,0,0,0,7.2,6,4,7,3,0,1,0,0,0,0,4.70,1.17
David Herndon,PHI,35,5,0,0,0,7.2,10,4,8,1,1,0,1,0,0,0,4.70,1.43
Rafael Perez,CLE,38,8,0,0,0,7.2,5,3,4,4,1,1,0,0,0,0,3.52,1.17
Chad Qualls,NYY,42,8,0,0,0,7.1,10,5,2,3,0,1,0,0,0,0,6.14,1.77
Jake Odorizzi,KC,30,2,2,0,0,7.1,8,4,4,4,1,0,1,0,0,0,4.91,1.64
Dan Schlereth,DET,34,6,0,0,0,7.0,14,8,6,5,3,0,0,0,0,0,10.29,2.71
Juan Perez,MIL,40,10,0,0,0,7.0,6,4,10,8,2,0,1,0,0,0,5.14,2.00
Eric Stults,CWS,41,2,1,0,0,6.2,6,2,4,4,0,0,0,0,0,0,2.70,1.50
Jean Machi,SF,39,8,0,0,0,6.2,7,5,4,1,2,0,0,0,0,0,6.75,1.20
Paco Rodriguez,LAD,29,11,0,0,0,6.2,3,1,6,4,0,0,1,0,0,0,1.35,1.05
Rodrigo Lopez,CHC,45,4,0,0,0,6.1,8,4,2,5,0,0,1,0,0,0,5.68,2.05
Brandon Dickson,STL,36,4,0,0,0,6.1,10,5,6,2,2,0,0,0,0,0,7.11,1.89
Julio Teheran,ATL,30,2,1,0,0,6.1,5,4,5,1,0,0,0,0,0,0,5.68,0.95
Robert Coello,TOR,36,6,0,0,0,6.1,10,9,11,4,2,0,1,0,0,1,12.79,2.21
Brian Sanches,PHI,42,6,0,0,0,6.1,12,7,5,3,4,0,1,0,0,0,9.95,2.37
David Pauley,TOR,37,5,0,0,0,6.1,11,7,2,2,1,0,0,0,0,0,9.95,2.05
Scott Maine,CLE,36,9,0,0,0,6.0,13,7,6,3,1,1,2,0,0,0,10.50,2.67
Aneury Rodriguez,HOU,33,1,1,0,0,6.0,2,2,6,2,2,0,0,0,0,0,3.00,0.67
Chris Carpenter,BOS,35,8,0,0,0,6.0,7,6,2,10,1,1,0,0,0,0,9.00,2.83
Stu Pomeranz,BAL,36,3,0,0,0,6.0,7,2,3,1,1,0,0,0,0,0,3.00,1.33
Zach Phillips,BAL,34,6,0,0,0,6.0,7,4,5,3,2,0,0,0,0,0,6.00,1.67
Blake Parker,CHC,35,7,0,0,0,6.0,10,4,6,5,3,0,0,0,0,0,6.00,2.50
Nick Maronde,LAA,31,12,0,0,0,6.0,6,1,7,3,0,0,0,0,0,3,1.50,1.50
Miguel Socolovich,CHC,34,6,0,0,0,6.0,4,3,6,3,1,0,0,0,0,1,4.50,1.17
Miguel Batista,ATL,50,5,0,0,0,6.0,5,2,2,2,1,0,0,0,0,0,3.00,1.17
Mike MacDougal,LAD,44,7,0,0,0,5.2,9,5,4,6,0,0,0,0,0,2,7.94,2.65
Josh Wall,LAD,34,7,0,0,0,5.2,3,3,4,1,1,1,0,0,0,0,4.76,0.71
Edwar Cabrera,COL,33,2,2,0,0,5.2,9,7,5,7,3,0,2,0,0,0,11.12,2.82
Michael Stutes,PHI,34,6,0,0,0,5.2,7,4,5,4,0,0,0,0,0,1,6.35,1.94
Zach Stewart,BOS,34,2,2,0,0,5.2,17,14,3,0,4,0,2,0,0,0,22.24,3.00
Justin Germano,BOS,38,1,0,0,0,5.2,5,0,7,2,0,0,0,0,0,0,0.00,1.24
Travis Blackley,SF,38,4,0,0,0,5.0,7,5,2,2,0,0,0,0,0,0,9.00,1.80
Sergio Santos,TOR,37,6,0,0,0,5.0,6,5,4,4,1,0,1,2,2,0,9.00,2.00
Bobby Cassevah,LAA,35,4,0,0,0,5.0,5,4,2,6,2,1,0,0,2,0,7.20,2.20
Brad Mills,LAA,36,1,1,0,0,5.0,3,0,6,0,0,1,0,0,0,0,0.00,0.60
Bryan Morris,PIT,33,5,0,0,0,5.0,2,1,6,2,0,0,0,0,0,0,1.80,0.80
Tony Cingrani,CIN,31,3,0,0,0,5.0,4,1,9,2,1,0,0,0,0,0,1.80,1.20
Dane De La Rosa,TB,38,5,0,0,0,5.0,7,7,5,2,2,0,0,0,0,0,12.60,1.80
Brian Fuentes,STL,45,6,0,0,0,5.0,6,5,6,5,1,0,0,0,0,1,9.00,2.20
Francisco Cordero,HOU,45,6,0,0,0,5.0,13,11,5,4,2,0,3,0,3,0,19.80,3.40
Tim Stauffer,SD,38,1,1,0,0,5.0,7,3,5,3,1,0,0,0,0,0,5.40,2.00
Dustin Moseley,SD,39,1,1,0,0,5.0,5,5,4,2,1,0,0,0,0,0,9.00,1.40
Peter Moylan,ATL,42,8,0,0,0,5.0,3,1,2,2,1,1,0,1,0,1,1.80,1.00
Yusmeiro Petit,SF,36,1,1,0,0,4.2,7,2,1,4,0,0,0,0,0,0,3.86,2.36
D.J. Mitchell,NYY,33,4,0,0,0,4.2,7,2,2,3,1,0,0,0,0,0,3.86,2.14
Justin Wilson,PIT,33,8,0,0,0,4.2,10,1,7,3,0,0,0,0,0,0,1.93,2.79
Justin Thomas,BOS,37,7,0,0,0,4.2,10,4,4,2,0,0,0,0,0,0,7.71,2.57
Pedro Beato,NYM,34,7,0,0,0,4.1,5,5,5,2,1,0,0,0,0,1,10.38,1.62
J.C. Romero,BAL,44,5,0,0,0,4.0,7,3,1,1,1,0,0,0,0,1,6.75,2.00
Thad Weber,DET,36,2,0,0,0,4.0,10,4,1,2,0,0,1,0,0,0,9.00,3.00
Pedro Hernandez,CWS,31,1,1,0,0,4.0,12,8,2,1,3,0,1,0,0,0,18.00,3.25
Brad Hand,MIA,30,1,1,0,0,3.2,6,7,3,6,1,0,1,0,0,0,17.18,3.27
Dan Runzler,SF,35,6,0,0,0,3.2,1,0,5,3,0,0,0,0,0,0,0.00,1.09
Barry Enright,LAA,34,3,0,0,0,3.2,7,6,0,1,1,0,0,0,0,0,14.73,2.18
D.J. Carrasco,NYM,43,4,0,0,0,3.2,6,3,3,0,2,0,0,0,0,0,7.36,1.64
Jesse Chavez,OAK,37,4,0,0,0,3.1,9,7,3,1,1,0,0,0,0,0,18.90,3.00
Todd Redmond,CIN,35,1,1,0,0,3.1,7,4,2,5,1,0,1,0,0,0,10.80,3.60
Josh Lueke,TB,36,3,0,0,0,3.1,9,7,2,3,0,0,0,0,0,0,18.90,3.60
Fautino De Los Santos,OAK,35,6,0,0,0,3.0,7,1,3,3,0,0,0,0,0,0,3.00,3.33
Scott Richmond,TOR,41,3,0,0,0,3.0,5,2,2,0,1,0,0,0,1,0,6.00,1.67
Justin Thomas,NYY,37,4,0,0,0,3.0,2,3,3,1,1,0,0,0,0,0,9.00,1.00
Michael Bowden,BOS,34,2,0,0,0,3.0,2,1,3,1,1,0,0,0,0,0,3.00,1.00
Shawn Hill,TOR,39,1,0,0,0,3.0,0,0,0,2,0,1,0,0,0,0,0.00,0.67
Sandy Rosario,MIA,35,4,0,0,0,3.0,8,6,2,0,0,0,0,0,0,0,18.00,2.67
Ryota Igarashi,NYY,41,2,0,0,0,3.0,4,4,3,3,0,0,0,0,0,0,12.00,2.33
Jonathan Albaladejo,ARI,38,3,0,0,0,3.0,5,3,2,0,1,0,0,0,0,0,9.00,1.67
Rick van den Hurk,PIT,35,4,0,0,0,2.2,5,4,3,1,0,0,1,0,0,0,13.50,2.25
Jhan Marinez,CWS,32,2,0,0,0,2.2,2,0,1,2,0,0,0,0,0,0,0.00,1.50
John Ely,LAD,34,2,0,0,0,2.2,6,6,3,4,0,0,2,0,0,0,20.25,3.75
Jose Ortega,DET,32,2,0,0,0,2.2,3,1,4,1,1,0,0,0,1,0,3.38,1.50
David Carpenter,TOR,35,3,0,0,0,2.2,8,9,4,2,1,0,0,0,0,0,30.38,3.75
Joe Paterson,ARI,34,6,0,0,0,2.2,15,11,0,3,2,0,0,0,0,1,37.13,6.75
Andrew Taylor,LAA,34,3,0,0,0,2.1,3,3,0,4,0,0,0,0,0,0,11.57,3.00
Adam Warren,NYY,33,1,1,0,0,2.1,8,6,1,2,2,0,0,0,0,0,23.14,4.29
Rich Thompson,LAA,36,2,0,0,0,2.1,5,4,3,1,1,0,1,0,0,0,15.43,2.57
Matt Palmer,SD,41,3,0,0,0,2.0,2,2,2,2,1,0,0,0,0,0,9.00,2.00
Zach Putnam,COL,33,2,0,0,0,2.0,3,0,0,1,0,0,0,0,0,0,0.00,2.00
Wilmer Font,TEX,30,3,0,0,0,2.0,0,2,1,4,0,0,0,0,0,0,9.00,2.00
Deunte Heath,CWS,35,3,0,0,0,2.0,1,1,1,1,1,0,0,0,0,0,4.50,1.00
Steve Geltz,LAA,33,2,0,0,0,2.0,2,1,1,3,0,0,0,0,0,0,4.50,2.50
Jeremy Accardo,OAK,39,1,0,0,0,2.0,4,2,1,0,0,0,0,0,0,0,9.00,2.00
Brian Wilson,SF,38,2,0,0,0,2.0,4,2,2,2,0,0,0,1,0,0,9.00,3.00
Dylan Bundy,BAL,28,2,0,0,0,1.2,1,0,0,1,0,0,0,0,0,0,0.00,1.20
Lester Oliveros,MIN,32,1,0,0,0,1.2,1,1,1,1,0,0,0,0,0,0,5.40,1.20
Chuckie Fick,STL,35,2,0,0,0,1.2,3,1,0,1,0,0,0,0,0,0,5.40,2.40
Ryan Verdugo,KC,33,1,1,0,0,1.2,8,6,2,2,1,0,1,0,0,0,32.40,6.00
George Sherrill,SEA,43,2,0,0,0,1.1,6,4,0,1,2,0,0,0,0,0,27.00,5.25
David Aardsma,NYY,39,1,0,0,0,1.0,1,1,1,1,1,0,0,0,0,0,9.00,2.00
Brian Bruney,CWS,39,1,0,0,0,1.0,0,0,2,2,0,1,0,0,0,0,0.00,2.00
Sam Demel,ARI,35,1,0,0,0,1.0,2,1,0,1,0,0,1,0,0,0,9.00,3.00
Ryota Igarashi,TOR,41,2,0,0,0,1.0,5,4,2,2,0,0,0,0,0,0,36.00,7.00
Bobby Korecky,TOR,41,1,0,0,0,1.0,1,2,0,1,1,0,0,0,0,0,18.00,2.00
Jason Berken,BAL,37,1,0,0,0,1.0,6,2,0,1,2,0,0,0,0,0,18.00,7.00
Joe Martinez,ARI,38,1,0,0,0,1.0,2,1,1,0,0,0,0,0,0,0,9.00,2.00
Pedro Villarreal,CIN,33,1,0,0,0,1.0,0,0,1,0,0,0,0,0,0,0,0.00,0.00
Rob Johnson,NYM,37,1,0,0,0,1.0,0,0,1,0,0,0,0,0,0,0,0.00,0.00
Rubby De La Rosa,LAD,32,1,0,0,0,0.2,0,2,0,2,0,0,0,0,0,0,27.00,3.00
Tyson Brummett,PHI,36,1,0,0,0,0.2,2,0,2,0,0,0,0,0,0,0,0.00,3.00
Sam Dyson,TOR,32,2,0,0,0,0.2,4,3,1,2,0,0,0,0,0,0,40.50,9.00
Jack Egbert,NYM,37,1,0,0,0,0.2,0,0,0,0,0,0,0,0,0,0,0.00,0.00
Rich Thompson,OAK,36,1,0,0,0,0.2,1,0,0,0,0,0,0,0,0,0,0.00,1.50
Alex Hinshaw,CHC,38,2,0,0,0,0.1,4,5,0,1,3,0,0,0,0,0,135.00,15.00
Garrett Olson,NYM,37,1,0,0,0,0.1,3,4,0,1,0,0,0,0,0,0,108.00,12.00